#,ID,Due Date,Invoice
1,l0am8odqz1j1poeeooqt76,23-11-2022,
2,le6w8ftkiubv06p7dctn7,09-10-2022,
3,u6l04i2ohsbz1mvv59yv7q,30-12-2022,
4,bktqippzxc7d3wcsp882e,31-10-2022,
5,tsrz9lfdttehpsq9kkl30p,03-11-2022,
6,f2h8gdcudesbb805jv3lm,26-11-2022,
7,cxnvxqptnks7ssd5ddlpj9,23-11-2022,
8,0ka9oysbbkciytrc7t0tv7,07-01-2023,
9,e2ifyvn3ribuubpbbwkdf,04-10-2022,
10,m8auqn1l7snzbbjdedko,23-12-2022,
11,86n6fa3353jcm98b1isihr,28-10-2022,
12,wstfegpczuhfq35p1a0r,10-09-2022,
#,ID,Due Date,Invoice
1,hedvp6q2t284h53pqu9fy7,02-12-2022,
2,g6jeym3hh0iap5rvk7jbph,26-09-2022,
3,lee7jbfh3fqt0tspy0gs,23-12-2022,
4,vqgqvqyps2tfcee9nlbp,11-11-2022,
5,185f8446bel2k6s8zzjang,01-10-2022,
6,887n0u9o4at3nz7xhh7788,02-10-2022,
7,v2mhrr4gkzfiw8s2ukibn7,30-09-2022,
8,gspb8oz1p0si46on6bwos8,09-10-2022,
9,t8tqi5w6wz0fyhtvplk8qg,02-11-2022,
10,unuto29x04j4fvf7ybtmt6,01-12-2022,
11,9y79i9qsmpkdpf7rbz9rva,30-12-2022,
12,3a1878g87jx8rpvl3f6h0q,21-11-2022,
